<?xml version="1.0" encoding="utf-8" ?>
<ThingDefs>

  <ThingDef ParentName="BuildingBase">
    <DefName>Well</DefName>
    <label>well</label>
    <ThingClass>Building_WorkTable</ThingClass>
    <Description>A well used to collect water.</Description>
    <graphicData>
      <texPath>Things/Buildings/Well</texPath>
      <graphicClass>Graphic_Multi</graphicClass>
      <shaderType>CutoutComplex</shaderType>
    </graphicData>   
    <StaticSunShadowHeight>0.20</StaticSunShadowHeight>
    <CastEdgeShadows>True</CastEdgeShadows>
    <CostList>
      <WoodLog>10</WoodLog>
    </CostList>
    <stuffCategories>
      <li>Stony</li>
    </stuffCategories>
    <costStuffCount>50</costStuffCount>
    <AltitudeLayer>Building</AltitudeLayer>
    <fillPercent>0.5</fillPercent>
    <useHitPoints>True</useHitPoints>
    <statBases>
      <WorkToMake>2500</WorkToMake>
      <MaxHitPoints>180</MaxHitPoints>
      <Flammability>1.0</Flammability>
    </statBases>
    <placeWorkers>
      <li>NaturalFloors.PlaceWorker_NearWater</li>
    </placeWorkers>
    <Size>(1,1)</Size>
    <DesignationCategory>Production</DesignationCategory>
    <Passability>PassThroughOnly</Passability>
    <pathCost>70</pathCost>
    <hasInteractionCell>True</hasInteractionCell>
    <interactionCellOffset>(0,0,-1)</interactionCellOffset>
    <surfaceType>Item</surfaceType>
    <inspectorTabs>
      <li>ITab_Bills</li>
    </inspectorTabs>
    <building>
      <spawnedConceptLearnOpportunity>BillsTab</spawnedConceptLearnOpportunity>
    </building>
  </ThingDef>

</ThingDefs>